<?xml version="1.0" encoding="UTF-8"?>
<beans xmlns="http://www.springframework.org/schema/beans"
	xmlns:context="http://www.springframework.org/schema/context"
	xmlns:xsi="http://www.w3.org/2001/XMLSchema-instance"
	xmlns:tx="http://www.springframework.org/schema/tx"
	xsi:schemaLocation="
		http://www.springframework.org/schema/beans https://www.springframework.org/schema/beans/spring-beans.xsd
		http://www.springframework.org/schema/context https://www.springframework.org/schema/context/spring-context.xsd
		http://www.springframework.org/schema/tx https://www.springframework.org/schema/tx/spring-tx.xsd">

	<!-- 컴포넌트 스캔 -->
	<context:component-scan base-package="com.workshop.service, com.workshop.dao"/>

	<!-- MySQL 데이터소스 설정 -->
	<bean id="dataSource" class="org.springframework.jdbc.datasource.DriverManagerDataSource">
		<property name="driverClassName" value="com.mysql.cj.jdbc.Driver"/>
		<property name="url" value="jdbc:mysql://localhost:3306/my_emp"/>
		<property name="username" value="mydb"/>
		<property name="password" value="admin1234"/>
	</bean>

	<!-- 기본 트랜잭션 매니저 -->
	<bean id="transactionManager" class="org.springframework.jdbc.datasource.DataSourceTransactionManager">
		<property name="dataSource" ref="dataSource"/>
	</bean>

	<!-- 감사 로그용 별도 트랜잭션 매니저 (문제 12 정답) -->
	<bean id="auditTxManager" class="org.springframework.jdbc.datasource.DataSourceTransactionManager">
		<property name="dataSource" ref="dataSource"/>
	</bean>

	<!-- 트랜잭션 어노테이션 활성화 -->
	<tx:annotation-driven transaction-manager="transactionManager"/>
</beans>
